{"cameraMode":{"drawMode":0,"name":"Shaded","section":"Shading Mode"},"sceneLighting":true,"audioPlay":false,"sceneViewState":{"m_AlwaysRefresh":false,"showFog":true,"showSkybox":true,"showFlares":true,"showImageEffects":true,"showParticleSystems":true,"showVisualEffectGraphs":true,"m_FxEnabled":true},"in2DMode":false,"pivot":{"x":2.047523021697998,"y":2.558760643005371,"z":0.44222450256347659},"rotation":{"x":0.4950609505176544,"y":-0.33732402324676516,"z":0.2166420966386795,"w":0.7708388566970825},"size":24.928752899169923,"orthographic":true}