{"cameraMode":{"drawMode":0,"name":"Shaded","section":"Shading Mode"},"sceneLighting":true,"audioPlay":false,"sceneViewState":{"m_AlwaysRefresh":false,"showFog":true,"showSkybox":true,"showFlares":true,"showImageEffects":true,"showParticleSystems":true,"showVisualEffectGraphs":true,"m_FxEnabled":true},"in2DMode":false,"pivot":{"x":49.544864654541019,"y":0.00004929304122924805,"z":16.367977142333986},"rotation":{"x":0.49415123462677,"y":-0.42281126976013186,"z":0.299245685338974,"w":0.6982194185256958},"size":7.588604927062988,"orthographic":true}