{"cameraMode":{"drawMode":0,"name":"Shaded","section":"Shading Mode"},"sceneLighting":true,"audioPlay":false,"sceneViewState":{"m_AlwaysRefresh":false,"showFog":true,"showSkybox":true,"showFlares":true,"showImageEffects":true,"showParticleSystems":true,"showVisualEffectGraphs":true,"m_FxEnabled":true},"in2DMode":false,"pivot":{"x":52.656986236572269,"y":0.08381271362304688,"z":30.082304000854493},"rotation":{"x":0.5056987404823303,"y":-0.4942992329597473,"z":0.5002768635749817,"w":0.4996742308139801},"size":14.113524436950684,"orthographic":true}