{"cameraMode":{"drawMode":0,"name":"Shaded","section":"Shading Mode"},"sceneLighting":true,"audioPlay":false,"sceneViewState":{"m_AlwaysRefresh":false,"showFog":true,"showSkybox":true,"showFlares":true,"showImageEffects":true,"showParticleSystems":true,"showVisualEffectGraphs":true,"m_FxEnabled":true},"in2DMode":false,"pivot":{"x":91.93270111083985,"y":1.4165785312652588,"z":20.323209762573243},"rotation":{"x":0.2944011092185974,"y":-0.14407265186309815,"z":0.044949255883693698,"w":0.943696916103363},"size":1.8609511852264405,"orthographic":true}