{"cameraMode":{"drawMode":0,"name":"Shaded","section":"Shading Mode"},"sceneLighting":false,"audioPlay":false,"sceneViewState":{"m_AlwaysRefresh":false,"showFog":true,"showSkybox":false,"showFlares":true,"showImageEffects":true,"showParticleSystems":true,"showVisualEffectGraphs":true,"m_FxEnabled":true},"in2DMode":false,"pivot":{"x":2.5178439617156984,"y":-0.30975085496902468,"z":2.7085955142974855},"rotation":{"x":0.4533880650997162,"y":-0.5289172530174255,"z":0.4049316346645355,"w":0.5922181010246277},"size":3.0513081550598146,"orthographic":true}